ticker,sector,split,days,base_trades,base_win_rate,base_pf,base_pnl,base_max_dd,vol_trades,vol_win_rate,vol_pf,vol_pnl,vol_max_dd,delta_wr,delta_pf,delta_pnl
NVDA,Technology,full,60,20,50.0,1.16,1.53,-4.35,8,87.5,7.27,7.17,-1.14,37.5,6.11,5.64
NVDA,Technology,is,36,14,50.0,1.34,2.11,-3.64,6,100.0,7661.15,7.66,0.0,50.0,7659.81,5.55
NVDA,Technology,oos,24,7,57.1,1.52,1.8,-1.45,3,66.7,2.65,1.89,-1.14,9.5,1.13,0.09
TSLA,Consumer Cyclical,full,60,13,38.5,0.99,-0.09,-5.38,7,71.4,118.71,7.73,-0.06,33.0,117.73,7.82
TSLA,Consumer Cyclical,is,36,10,30.0,0.84,-1.03,-5.38,5,60.0,91.51,5.94,-0.06,30.0,90.66,6.98
TSLA,Consumer Cyclical,oos,24,4,75.0,2.38,1.34,-0.97,3,100.0,2186.93,2.19,0.0,25.0,2184.55,0.85
NFLX,Communication Services,full,60,29,34.5,0.7,-4.97,-7.37,17,64.7,2.43,5.78,-2.14,30.2,1.74,10.75
NFLX,Communication Services,is,36,17,29.4,0.47,-5.83,-5.94,9,66.7,1.89,2.14,-2.14,37.3,1.42,7.97
NFLX,Communication Services,oos,24,13,46.2,1.6,3.22,-2.97,9,66.7,4.66,6.0,-1.64,20.5,3.05,2.78
AMZN,Consumer Cyclical,full,60,19,57.9,1.89,6.24,-2.51,13,76.9,88.56,11.8,-0.08,19.0,86.67,5.56
AMZN,Consumer Cyclical,is,36,15,60.0,2.07,5.93,-2.51,10,80.0,124.61,10.1,-0.08,20.0,122.54,4.18
AMZN,Consumer Cyclical,oos,24,4,50.0,1.22,0.31,-1.43,3,66.7,32.96,1.69,-0.05,16.7,31.74,1.38
BAC,Financial Services,full,60,26,42.3,0.82,-2.55,-6.55,19,73.7,3.0,7.79,-1.61,31.4,2.18,10.34
BAC,Financial Services,is,36,19,52.6,1.37,2.74,-4.55,15,73.3,4.16,7.22,-1.17,20.7,2.79,4.48
BAC,Financial Services,oos,24,7,14.3,0.19,-5.29,-5.72,4,75.0,1.35,0.57,0.0,60.7,1.16,5.86
T,Communication Services,full,60,37,48.6,1.07,0.79,-3.76,29,69.0,5.12,9.99,-1.16,20.3,4.05,9.2
T,Communication Services,is,36,22,54.5,1.47,2.74,-2.37,17,76.5,5.57,6.91,-1.16,21.9,4.1,4.16
T,Communication Services,oos,24,15,40.0,0.65,-1.95,-3.42,12,58.3,4.37,3.08,-0.82,18.3,3.72,5.03
AAPL,Technology,full,60,31,32.3,0.73,-3.46,-4.66,15,60.0,4.8,7.11,-0.91,27.7,4.07,10.56
AAPL,Technology,is,36,19,36.8,0.77,-1.76,-4.66,9,55.6,5.49,3.99,-0.47,18.7,4.72,5.75
AAPL,Technology,oos,24,12,25.0,0.66,-1.69,-4.07,6,66.7,4.17,3.12,-0.91,41.7,3.51,4.81
PFE,Healthcare,full,60,35,48.6,0.91,-1.22,-5.27,26,73.1,8.3,13.66,-0.96,24.5,7.39,14.88
PFE,Healthcare,is,36,24,41.7,0.65,-3.87,-5.27,15,66.7,10.38,7.1,-0.4,25.0,9.73,10.97
PFE,Healthcare,oos,24,11,63.6,1.83,2.65,-2.51,11,81.8,6.89,6.56,-0.96,18.2,5.06,3.91
AMD,Technology,full,60,11,54.5,1.46,2.53,-4.11,5,100.0,5690.52,5.69,0.0,45.5,5689.05,3.16
AMD,Technology,is,36,7,57.1,2.16,2.98,-1.24,2,100.0,1737.86,1.74,0.0,42.9,1735.7,-1.24
AMD,Technology,oos,24,5,60.0,0.94,-0.16,-2.87,4,100.0,4236.63,4.24,0.0,40.0,4235.69,4.4
MSFT,Technology,full,60,27,37.0,0.63,-3.72,-4.72,19,57.9,2.67,4.75,-2.06,20.9,2.04,8.48
MSFT,Technology,is,36,16,31.2,0.74,-1.64,-4.03,10,40.0,1.39,0.99,-2.06,8.8,0.65,2.62
MSFT,Technology,oos,24,12,41.7,0.36,-3.26,-2.89,10,70.0,2.75,2.59,-0.31,28.3,2.39,5.86
GOOGL,Communication Services,full,60,24,54.2,1.54,3.59,-2.6,15,73.3,18.79,6.6,-0.33,19.2,17.25,3.01
GOOGL,Communication Services,is,36,15,60.0,1.65,2.88,-1.86,8,87.5,116.57,4.47,-0.04,27.5,114.92,1.58
GOOGL,Communication Services,oos,24,9,44.4,1.31,0.71,-1.34,7,57.1,7.42,2.13,-0.28,12.7,6.11,1.42
CCL,Consumer Cyclical,full,60,14,42.9,1.17,1.19,-5.59,12,58.3,3.23,5.51,-1.28,15.5,2.05,4.32
CCL,Consumer Cyclical,is,36,13,46.2,1.19,1.29,-5.59,11,63.6,3.37,5.62,-1.28,17.5,2.18,4.32
CCL,Consumer Cyclical,oos,24,2,0.0,0.0,-1.68,-0.11,1,0.0,0.0,-0.11,0.0,0.0,0.0,1.57
ORCL,Technology,full,60,14,50.0,0.7,-3.24,-8.11,9,66.7,1.05,0.29,-4.25,16.7,0.34,3.52
ORCL,Technology,is,36,10,70.0,1.4,2.22,-4.76,5,80.0,1.07,0.24,-3.6,10.0,-0.34,-1.97
ORCL,Technology,oos,24,5,0.0,0.0,-6.83,-5.45,5,60.0,1.22,0.53,-2.31,60.0,1.22,7.36
AVGO,Technology,full,60,17,58.8,1.71,6.36,-4.23,13,92.3,12.17,11.48,-1.03,33.5,10.46,5.12
AVGO,Technology,is,36,12,58.3,1.35,2.49,-3.66,8,100.0,6414.41,6.41,0.0,41.7,6413.06,3.92
AVGO,Technology,oos,24,6,50.0,1.87,2.67,-1.03,6,66.7,2.74,3.87,-1.03,16.7,0.88,1.2
CSCO,Technology,full,60,29,58.6,1.82,6.32,-2.32,24,79.2,5.34,12.53,-1.51,20.5,3.53,6.21
CSCO,Technology,is,36,19,63.2,1.94,4.43,-1.51,15,80.0,4.02,6.86,-1.51,16.8,2.08,2.44
CSCO,Technology,oos,24,10,50.0,1.63,1.9,-2.32,9,77.8,10.27,5.67,-0.49,27.8,8.64,3.77
PYPL,Financial Services,full,60,22,68.2,0.89,-1.33,-6.12,17,88.2,3.22,6.44,-1.59,20.1,2.33,7.76
PYPL,Financial Services,is,36,18,72.2,1.05,0.46,-3.87,14,92.9,6.77,7.56,-1.31,20.6,5.72,7.1
PYPL,Financial Services,oos,24,4,50.0,0.21,-1.79,-0.66,3,66.7,0.29,-1.12,0.0,16.7,0.09,0.66
XOM,Energy,full,60,25,68.0,2.42,10.27,-2.28,21,90.5,7.88,16.21,-2.28,22.5,5.46,5.93
XOM,Energy,is,36,18,66.7,2.74,7.79,-1.31,14,92.9,156.64,12.54,-0.08,26.2,153.9,4.75
XOM,Energy,oos,24,8,62.5,1.9,2.48,-2.28,8,75.0,2.6,3.66,-2.28,12.5,0.7,1.18
WMT,Consumer Defensive,full,60,38,50.0,1.12,1.61,-3.14,31,71.0,3.21,10.44,-1.13,21.0,2.09,8.83
WMT,Consumer Defensive,is,36,24,54.2,1.42,3.39,-2.31,19,73.7,4.04,8.16,-0.81,19.5,2.62,4.77
WMT,Consumer Defensive,oos,24,14,42.9,0.67,-1.78,-3.14,12,66.7,2.12,2.28,-1.13,23.8,1.44,4.06
GOOG,Communication Services,full,60,23,60.9,1.74,4.48,-2.88,15,86.7,51.45,9.14,-0.1,25.8,49.71,4.67
GOOG,Communication Services,is,36,16,62.5,1.77,3.48,-1.86,10,90.0,90.56,7.45,-0.08,27.5,88.8,3.97
GOOG,Communication Services,oos,24,7,57.1,1.67,0.99,-1.48,5,80.0,18.25,1.69,-0.1,22.9,16.58,0.7
FCX,Basic Materials,full,60,7,57.1,1.67,2.2,-3.16,7,71.4,4.2,4.25,-1.22,14.3,2.53,2.05
FCX,Basic Materials,is,36,5,60.0,1.01,0.04,-3.16,5,80.0,2.72,2.09,-1.22,20.0,1.71,2.05
FCX,Basic Materials,oos,24,3,33.3,0.92,-0.19,-0.11,3,33.3,0.92,-0.19,-0.11,0.0,0.0,0.0
UBER,Technology,full,60,26,57.7,1.22,3.03,-3.8,24,79.2,3.78,14.05,-2.02,21.5,2.56,11.02
UBER,Technology,is,36,17,47.1,0.96,-0.4,-3.8,15,73.3,3.69,8.17,-1.07,26.3,2.73,8.57
UBER,Technology,oos,24,9,77.8,2.15,3.43,-2.02,9,88.9,3.92,5.88,-2.02,11.1,1.77,2.45
NOW,Technology,full,60,16,50.0,1.36,3.19,-3.73,12,75.0,5.14,10.78,-2.45,25.0,3.78,7.59
NOW,Technology,is,36,10,50.0,1.79,3.9,-2.41,7,85.7,68.45,10.06,-0.15,35.7,66.66,6.16
NOW,Technology,oos,24,7,42.9,0.47,-3.52,-3.73,5,60.0,1.29,0.72,-2.45,17.1,0.82,4.24
KO,Consumer Defensive,full,60,47,53.2,1.41,4.69,-2.59,39,71.8,4.59,11.43,-1.35,18.6,3.18,6.74
KO,Consumer Defensive,is,36,29,48.3,1.23,1.85,-2.44,23,69.6,5.31,8.01,-1.35,21.3,4.08,6.16
KO,Consumer Defensive,oos,24,18,61.1,1.81,2.84,-1.98,16,75.0,3.58,3.42,-0.6,13.9,1.76,0.58
C,Financial Services,full,60,18,27.8,0.41,-6.89,-7.85,11,81.8,20.94,6.22,-0.24,54.0,20.52,13.12
C,Financial Services,is,36,15,33.3,0.63,-2.91,-6.42,9,88.9,23.01,5.36,-0.24,55.6,22.38,8.27
C,Financial Services,oos,24,3,0.0,0.0,-3.98,-2.53,2,50.0,13.57,0.86,0.0,50.0,13.57,4.84
DOW,Basic Materials,full,60,16,50.0,1.02,0.22,-6.45,13,76.9,4.14,10.08,-1.49,26.9,3.12,9.86
DOW,Basic Materials,is,36,9,55.6,1.21,1.15,-4.73,7,85.7,21.61,7.0,-0.34,30.2,20.41,5.86
DOW,Basic Materials,oos,24,7,42.9,0.85,-0.92,-3.31,6,66.7,2.07,3.08,-1.37,23.8,1.22,4.0
META,Communication Services,full,60,22,40.9,0.98,-0.21,-3.71,14,92.9,126.11,13.15,-0.11,51.9,125.13,13.37
META,Communication Services,is,36,18,44.4,1.29,2.65,-2.18,12,91.7,114.8,11.96,-0.11,47.2,113.52,9.32
META,Communication Services,oos,24,4,25.0,0.23,-2.86,-1.72,2,100.0,1188.7,1.19,0.0,75.0,1188.47,4.05
BSX,Healthcare,full,60,32,53.1,1.03,0.33,-7.93,27,77.8,5.71,11.25,-1.0,24.7,4.68,10.92
BSX,Healthcare,is,36,23,47.8,0.7,-3.18,-7.93,18,77.8,3.74,6.25,-1.0,30.0,3.04,9.43
BSX,Healthcare,oos,24,10,70.0,4.4,4.73,-1.29,10,80.0,60.84,6.22,-0.1,10.0,56.45,1.49
DAL,Industrials,full,60,17,29.4,0.31,-6.77,-7.22,16,50.0,0.83,-1.04,-4.32,20.6,0.51,5.73
DAL,Industrials,is,36,14,21.4,0.26,-6.88,-7.22,13,46.2,0.79,-1.14,-4.32,24.7,0.53,5.73
DAL,Industrials,oos,24,4,50.0,0.26,-1.79,-0.54,3,66.7,1.19,0.1,-0.54,16.7,0.92,1.9
CRM,Technology,full,60,20,50.0,0.86,-1.78,-6.94,14,71.4,2.24,5.96,-3.47,21.4,1.38,7.74
CRM,Technology,is,36,13,46.2,0.84,-1.13,-3.53,9,66.7,1.67,2.35,-2.18,20.5,0.83,3.48
CRM,Technology,oos,24,8,62.5,1.03,0.15,-3.42,5,80.0,3.8,3.61,0.0,17.5,2.78,3.46
BMY,Healthcare,full,60,34,35.3,0.68,-4.76,-10.89,29,48.3,1.09,0.79,-6.21,13.0,0.41,5.55
BMY,Healthcare,is,36,23,26.1,0.46,-4.97,-6.42,20,40.0,0.58,-2.9,-5.22,13.9,0.12,2.07
BMY,Healthcare,oos,24,11,54.5,1.04,0.21,-3.95,9,66.7,2.83,3.69,-2.02,12.1,1.79,3.48
CVX,Energy,full,60,31,41.9,0.85,-2.29,-4.73,24,66.7,7.85,9.72,-0.63,24.7,7.0,12.01
CVX,Energy,is,36,19,36.8,0.88,-1.11,-4.56,13,53.8,5.5,3.55,-0.28,17.0,4.62,4.65
CVX,Energy,oos,24,13,53.8,1.04,0.25,-3.88,12,83.3,11.32,6.51,-0.63,29.5,10.28,6.26
QCOM,Technology,full,60,18,38.9,0.34,-8.44,-10.8,14,85.7,5.28,6.93,-1.41,46.8,4.94,15.37
QCOM,Technology,is,36,10,60.0,0.58,-2.13,-4.1,7,85.7,1.99,1.4,-1.41,25.7,1.41,3.53
QCOM,Technology,oos,24,8,12.5,0.19,-6.31,-5.72,7,85.7,27.85,5.53,0.0,73.2,27.67,11.84
PG,Consumer Defensive,full,60,43,55.8,1.05,0.65,-4.75,35,65.7,2.52,7.55,-1.76,9.9,1.47,6.9
PG,Consumer Defensive,is,36,28,60.7,1.36,2.55,-3.04,24,70.8,5.68,7.88,-1.26,10.1,4.32,5.33
PG,Consumer Defensive,oos,24,15,46.7,0.63,-1.9,-3.13,11,54.5,0.9,-0.34,-1.76,7.9,0.27,1.57
MOS,Basic Materials,full,60,23,52.2,1.1,1.4,-4.3,21,76.2,4.57,17.51,-2.65,24.0,3.48,16.11
MOS,Basic Materials,is,36,15,53.3,1.05,0.35,-2.73,14,78.6,5.03,9.07,-0.91,25.2,3.98,8.72
MOS,Basic Materials,oos,24,8,50.0,1.14,1.05,-4.3,7,71.4,4.19,8.44,-2.65,21.4,3.05,7.39
ABT,Healthcare,full,60,35,54.3,1.16,1.72,-3.83,27,66.7,2.18,6.54,-2.54,12.4,1.02,4.82
ABT,Healthcare,is,36,23,56.5,1.16,1.13,-3.83,16,75.0,2.98,5.32,-2.54,18.5,1.82,4.19
ABT,Healthcare,oos,24,12,50.0,1.17,0.59,-1.55,11,54.5,1.43,1.22,-1.55,4.5,0.26,0.64
PANW,Technology,full,60,27,44.4,0.96,-0.65,-6.74,17,64.7,3.49,9.9,-2.47,20.3,2.53,10.55
PANW,Technology,is,36,16,37.5,1.0,0.03,-6.74,10,60.0,3.29,7.45,-2.47,22.5,2.29,7.42
PANW,Technology,oos,24,12,58.3,0.99,-0.09,-4.97,8,75.0,5.21,3.04,-0.41,16.7,4.22,3.13
JPM,Financial Services,full,60,29,48.3,1.24,2.49,-3.06,19,73.7,15.4,8.44,-0.25,25.4,14.16,5.95
JPM,Financial Services,is,36,21,57.1,1.93,5.55,-2.78,14,78.6,20.14,7.08,-0.25,21.4,18.21,1.53
JPM,Financial Services,oos,24,8,25.0,0.31,-3.06,-2.58,5,60.0,7.29,1.36,-0.18,35.0,6.98,4.42
USB,Financial Services,full,60,23,52.2,1.12,0.99,-3.28,18,77.8,3.75,6.47,-0.84,25.6,2.62,5.48
USB,Financial Services,is,36,18,55.6,1.39,1.81,-2.19,14,78.6,4.52,5.32,-0.72,23.0,3.13,3.51
USB,Financial Services,oos,24,6,33.3,0.6,-1.65,-3.28,4,75.0,2.37,1.15,0.0,41.7,1.77,2.79
NEE,Utilities,full,60,31,41.9,1.39,3.09,-2.84,27,51.9,2.28,7.01,-2.17,9.9,0.89,3.92
NEE,Utilities,is,36,20,50.0,2.33,4.97,-1.88,18,55.6,2.64,5.19,-1.48,5.6,0.31,0.22
NEE,Utilities,oos,24,12,33.3,0.87,-0.53,-1.91,10,50.0,2.38,3.17,-1.25,16.7,1.51,3.7
MRK,Healthcare,full,60,34,35.3,0.55,-7.39,-5.91,25,56.0,1.28,2.06,-1.78,20.7,0.73,9.45
MRK,Healthcare,is,36,22,36.4,0.47,-5.95,-4.83,17,52.9,1.02,0.12,-1.78,16.6,0.55,6.08
MRK,Healthcare,oos,24,12,33.3,0.73,-1.43,-5.09,8,62.5,1.95,1.94,-1.76,29.2,1.21,3.38
SHOP,Technology,full,60,13,46.2,0.46,-7.65,-9.93,9,77.8,2.34,4.74,-3.06,31.6,1.88,12.38
SHOP,Technology,is,36,8,50.0,0.41,-3.94,-6.22,5,80.0,5.09,1.95,-0.48,30.0,4.68,5.88
SHOP,Technology,oos,24,6,50.0,0.63,-2.78,-7.54,5,80.0,2.21,3.72,-3.06,30.0,1.58,6.5
LUV,Industrials,full,60,19,31.6,0.64,-4.97,-8.09,16,37.5,0.94,-0.57,-5.11,5.9,0.3,4.4
LUV,Industrials,is,36,15,26.7,0.55,-4.48,-4.23,12,33.3,0.99,-0.08,-3.03,6.7,0.44,4.4
LUV,Industrials,oos,24,5,40.0,0.72,-1.33,-3.86,5,40.0,0.72,-1.33,-3.86,0.0,0.0,0.0
PPL,Utilities,full,60,36,50.0,1.24,2.95,-4.56,33,60.6,1.79,7.08,-2.94,10.6,0.55,4.13
PPL,Utilities,is,36,22,45.5,1.05,0.46,-2.93,20,55.0,1.22,1.75,-2.94,9.5,0.17,1.3
PPL,Utilities,oos,24,14,57.1,1.8,2.49,-1.95,13,69.2,5.81,5.33,-0.54,12.1,4.01,2.84
TFC,Financial Services,full,60,25,68.0,1.75,4.54,-2.61,24,75.0,3.71,7.88,-1.24,7.0,1.96,3.34
TFC,Financial Services,is,36,21,76.2,3.56,7.15,-1.11,20,80.0,8.47,8.77,-0.75,3.8,4.91,1.62
TFC,Financial Services,oos,24,4,25.0,0.21,-2.61,-2.17,4,50.0,0.49,-0.89,-1.24,25.0,0.28,1.72
MO,Consumer Defensive,full,60,46,47.8,1.21,3.25,-6.48,42,73.8,4.34,16.48,-1.83,26.0,3.13,13.23
MO,Consumer Defensive,is,36,29,55.2,1.88,6.75,-3.92,26,84.6,10.19,14.47,-0.84,29.4,8.32,7.72
MO,Consumer Defensive,oos,24,17,35.3,0.54,-3.5,-6.48,16,56.2,1.6,2.01,-1.83,21.0,1.05,5.5
SCHW,Financial Services,full,60,30,50.0,1.29,3.07,-5.39,24,75.0,4.78,12.1,-1.25,25.0,3.49,9.03
SCHW,Financial Services,is,36,21,42.9,1.07,0.56,-5.39,16,75.0,5.44,8.35,-1.25,32.1,4.37,7.79
SCHW,Financial Services,oos,24,9,66.7,1.98,2.51,-1.61,8,75.0,3.83,3.75,-0.75,8.3,1.86,1.24
LYB,Basic Materials,full,60,19,52.6,1.03,0.38,-5.8,16,93.8,19.29,21.17,-1.16,41.1,18.27,20.79
LYB,Basic Materials,is,36,12,58.3,1.64,4.58,-3.99,10,100.0,14271.95,14.27,0.0,41.7,14270.32,9.69
LYB,Basic Materials,oos,24,7,42.9,0.47,-4.2,-2.3,6,83.3,6.96,6.9,-1.16,40.5,6.49,11.1
APH,Technology,full,60,17,52.9,2.13,9.78,-3.27,13,84.6,9.58,19.04,-2.22,31.7,7.45,9.26
APH,Technology,is,36,10,70.0,3.86,8.12,-1.11,8,100.0,12592.71,12.59,0.0,30.0,12588.84,4.47
APH,Technology,oos,24,7,28.6,1.29,1.66,-3.27,5,60.0,3.91,6.45,-2.22,31.4,2.62,4.79
MRNA,Healthcare,full,60,15,20.0,0.19,-22.54,-26.36,11,36.4,0.39,-10.6,-12.39,16.4,0.19,11.94
MRNA,Healthcare,is,36,10,10.0,0.03,-24.88,-24.23,6,33.3,0.14,-12.95,-10.26,23.3,0.11,11.94
MRNA,Healthcare,oos,24,5,40.0,2.05,2.34,-0.92,5,40.0,2.05,2.34,-0.92,0.0,0.0,0.0
UNH,Healthcare,full,60,32,53.1,1.2,2.74,-4.86,26,80.8,5.33,14.94,-1.49,27.6,4.13,12.21
UNH,Healthcare,is,36,22,54.5,0.95,-0.45,-2.9,17,82.4,5.38,8.58,-1.18,27.8,4.43,9.02
UNH,Healthcare,oos,24,11,45.5,1.08,0.54,-2.64,10,70.0,1.9,3.73,-1.49,24.5,0.82,3.19
UAL,Industrials,full,60,14,35.7,1.05,0.38,-3.19,12,58.3,2.43,6.29,-3.06,22.6,1.38,5.91
UAL,Industrials,is,36,13,38.5,1.27,1.74,-3.19,11,63.6,3.5,7.64,-3.06,25.2,2.23,5.9
UAL,Industrials,oos,24,2,0.0,0.0,-3.07,-1.37,1,0.0,0.0,-1.35,0.0,0.0,0.0,1.72
MDT,Healthcare,full,60,44,40.9,0.63,-6.82,-8.11,40,60.0,1.33,3.52,-4.13,19.1,0.71,10.34
MDT,Healthcare,is,36,30,40.0,0.69,-3.73,-7.52,26,57.7,1.44,3.05,-4.13,17.7,0.75,6.77
MDT,Healthcare,oos,24,14,42.9,0.51,-3.09,-4.44,14,64.3,1.13,0.47,-1.99,21.4,0.62,3.56
JNJ,Healthcare,full,60,36,41.7,0.86,-1.55,-3.12,25,64.0,4.75,7.54,-0.56,22.3,3.89,9.1
JNJ,Healthcare,is,36,24,45.8,1.01,0.08,-1.5,19,68.4,4.86,5.16,-0.53,22.6,3.85,5.07
JNJ,Healthcare,oos,24,12,33.3,0.68,-1.64,-3.12,6,50.0,4.53,2.39,-0.56,16.7,3.85,4.02
ACN,Technology,full,60,27,70.4,3.0,14.56,-4.93,25,84.0,14.54,20.11,-0.77,13.6,11.54,5.55
ACN,Technology,is,36,19,78.9,11.1,17.1,-0.88,18,83.3,20.44,15.86,-0.43,4.4,9.33,-1.23
ACN,Technology,oos,24,9,55.6,1.1,0.55,-4.93,8,87.5,11.97,7.34,-0.67,31.9,10.87,6.78
GM,Consumer Cyclical,full,60,20,40.0,1.16,1.15,-3.9,16,62.5,3.03,6.15,-1.81,22.5,1.88,5.0
GM,Consumer Cyclical,is,36,15,26.7,0.56,-2.57,-3.72,12,50.0,1.51,1.53,-1.81,23.3,0.95,4.11
GM,Consumer Cyclical,oos,24,5,80.0,3.34,3.72,-1.59,4,100.0,4616.71,4.62,0.0,20.0,4613.36,0.89
FAST,Industrials,full,60,33,48.5,1.14,2.31,-5.96,31,64.5,2.04,10.51,-4.48,16.0,0.9,8.19
FAST,Industrials,is,36,23,56.5,1.83,7.47,-4.26,21,76.2,3.87,12.81,-2.34,19.7,2.04,5.34
FAST,Industrials,oos,24,11,36.4,0.42,-4.44,-5.96,11,45.5,0.72,-1.59,-4.48,9.1,0.3,2.85
V,Financial Services,full,60,37,40.5,0.67,-4.77,-7.43,28,60.7,2.75,7.37,-1.37,20.2,2.08,12.14
V,Financial Services,is,36,24,50.0,0.88,-0.88,-2.67,18,61.1,2.65,3.88,-1.13,11.1,1.78,4.76
V,Financial Services,oos,24,13,23.1,0.48,-3.89,-5.16,10,60.0,2.87,3.49,-1.17,36.9,2.39,7.38
MS,Financial Services,full,60,21,57.1,2.15,7.69,-2.88,20,70.0,5.21,11.18,-1.02,12.9,3.05,3.49
MS,Financial Services,is,36,18,61.1,3.25,8.52,-1.33,18,72.2,7.65,10.92,-0.57,11.1,4.4,2.4
MS,Financial Services,oos,24,4,50.0,0.87,-0.38,-2.88,3,66.7,1.7,0.72,-1.02,16.7,0.84,1.09
AMAT,Technology,full,60,10,60.0,1.71,4.01,-2.45,8,62.5,2.65,4.02,-2.44,2.5,0.94,0.0
AMAT,Technology,is,36,6,66.7,4.48,4.76,-1.37,4,100.0,5182.74,5.18,0.0,33.3,5178.27,0.42
AMAT,Technology,oos,24,5,60.0,1.16,0.68,-2.45,5,40.0,1.11,0.26,-2.44,-20.0,-0.05,-0.42
ABBV,Healthcare,full,60,35,51.4,1.54,7.07,-3.88,29,65.5,3.23,14.2,-1.92,14.1,1.69,7.13
ABBV,Healthcare,is,36,23,56.5,1.87,6.77,-3.88,19,68.4,4.28,11.12,-1.92,11.9,2.41,4.35
ABBV,Healthcare,oos,24,12,41.7,1.05,0.3,-1.56,10,60.0,2.03,3.08,-1.47,18.3,0.98,2.78
FISV,Unknown,full,60,28,50.0,1.64,6.12,-3.55,27,55.6,2.33,8.52,-1.62,5.6,0.69,2.4
FISV,Unknown,is,36,22,54.5,2.06,6.96,-2.18,21,61.9,3.09,8.66,-1.4,7.4,1.03,1.7
FISV,Unknown,oos,24,7,28.6,0.47,-2.45,-1.62,7,28.6,0.55,-1.75,-1.62,0.0,0.08,0.7
UPS,Industrials,full,60,30,46.7,0.79,-3.2,-9.79,24,66.7,1.48,3.26,-4.37,20.0,0.7,6.46
UPS,Industrials,is,36,24,41.7,0.63,-5.11,-9.56,18,66.7,1.45,2.47,-4.37,25.0,0.82,7.57
UPS,Industrials,oos,24,6,66.7,2.5,1.91,-1.08,6,66.7,1.63,0.8,-1.08,0.0,-0.87,-1.11
TEAM,Technology,full,60,21,76.2,3.25,17.1,-6.12,21,76.2,4.46,19.16,-4.09,0.0,1.21,2.06
TEAM,Technology,is,36,17,70.6,2.1,8.36,-6.12,17,70.6,2.88,10.41,-4.09,0.0,0.78,2.06
TEAM,Technology,oos,24,5,100.0,10483.16,10.48,0.0,5,100.0,10483.16,10.48,0.0,0.0,0.0,0.0
CL,Consumer Defensive,full,60,32,46.9,0.94,-0.69,-3.6,27,66.7,2.32,8.24,-1.61,19.8,1.37,8.93
CL,Consumer Defensive,is,36,22,50.0,0.89,-0.92,-3.6,18,77.8,3.59,7.12,-0.77,27.8,2.7,8.04
CL,Consumer Defensive,oos,24,10,40.0,1.05,0.23,-1.61,9,44.4,1.32,1.11,-1.61,4.4,0.27,0.88
PEP,Consumer Defensive,full,60,44,63.6,1.94,9.36,-2.74,39,76.9,5.15,15.66,-2.04,13.3,3.21,6.31
PEP,Consumer Defensive,is,36,31,61.3,1.87,6.53,-2.74,27,81.5,11.47,13.8,-0.63,20.2,9.59,7.27
PEP,Consumer Defensive,oos,24,13,69.2,2.15,2.83,-1.96,12,66.7,1.76,1.87,-2.04,-2.6,-0.39,-0.96
TXN,Technology,full,60,19,36.8,0.47,-6.58,-9.63,17,64.7,1.12,0.92,-4.66,27.9,0.64,7.51
TXN,Technology,is,36,13,38.5,0.57,-4.05,-6.6,11,54.5,0.72,-2.1,-4.66,16.1,0.15,1.95
TXN,Technology,oos,24,6,33.3,0.21,-2.54,-3.21,6,83.3,8.77,3.02,-0.39,50.0,8.56,5.56
GILD,Healthcare,full,60,33,57.6,2.55,14.7,-2.78,28,64.3,4.07,16.97,-2.37,6.7,1.52,2.27
GILD,Healthcare,is,36,25,56.0,2.19,9.86,-2.78,20,65.0,3.81,12.13,-2.37,9.0,1.62,2.27
GILD,Healthcare,oos,24,9,66.7,5.02,4.9,-0.81,9,66.7,5.02,4.9,-0.81,0.0,0.0,0.0
CARR,Industrials,full,60,21,47.6,0.88,-1.22,-5.33,19,52.6,0.99,-0.04,-4.17,5.0,0.12,1.18
CARR,Industrials,is,36,16,56.2,1.13,0.89,-5.33,14,64.3,1.37,2.05,-4.17,8.0,0.24,1.16
CARR,Industrials,oos,24,5,20.0,0.33,-2.11,-1.44,5,20.0,0.33,-2.09,-1.41,0.0,0.0,0.02
IP,Consumer Cyclical,full,60,22,31.8,0.71,-5.24,-7.86,21,47.6,1.22,2.78,-5.64,15.8,0.52,8.03
IP,Consumer Cyclical,is,36,18,33.3,0.69,-4.38,-7.0,17,47.1,1.2,2.03,-5.64,13.7,0.51,6.41
IP,Consumer Cyclical,oos,24,5,20.0,0.47,-3.04,-3.61,4,50.0,1.3,0.75,-2.0,30.0,0.82,3.79
TGT,Consumer Defensive,full,60,30,53.3,1.44,5.64,-2.48,25,68.0,4.32,14.6,-1.75,14.7,2.88,8.97
TGT,Consumer Defensive,is,36,21,52.4,1.43,3.99,-1.89,16,75.0,6.51,11.82,-1.02,22.6,5.09,7.83
TGT,Consumer Defensive,oos,24,10,60.0,2.15,3.89,-1.46,10,60.0,3.05,4.61,-0.95,0.0,0.9,0.72
IBM,Technology,full,60,23,60.9,1.44,4.22,-2.79,20,85.0,5.77,13.85,-1.19,24.1,4.33,9.63
IBM,Technology,is,36,15,60.0,1.6,3.57,-1.93,13,84.6,6.09,10.07,-1.19,24.6,4.49,6.51
IBM,Technology,oos,24,9,55.6,0.89,-0.55,-2.79,7,85.7,5.08,3.78,-0.93,30.2,4.19,4.33
RTX,Industrials,full,60,33,51.5,1.13,1.9,-5.64,30,66.7,2.53,10.09,-2.44,15.2,1.4,8.18
RTX,Industrials,is,36,20,40.0,0.5,-5.98,-5.64,18,55.6,0.94,-0.35,-2.44,15.6,0.44,5.63
RTX,Industrials,oos,24,13,69.2,4.06,7.88,-1.02,12,83.3,17.34,10.44,-0.5,14.1,13.29,2.56
FTNT,Technology,full,60,29,51.7,1.04,0.65,-5.02,26,73.1,2.83,13.77,-1.75,21.4,1.8,13.12
FTNT,Technology,is,36,20,50.0,1.21,2.51,-3.57,18,77.8,3.26,13.02,-1.71,27.8,2.05,10.51
FTNT,Technology,oos,24,9,55.6,0.67,-1.86,-5.02,8,62.5,1.43,0.75,-1.75,6.9,0.76,2.61
SO,Utilities,full,60,45,53.3,1.37,4.11,-3.12,44,63.6,2.18,8.95,-2.26,10.3,0.82,4.84
SO,Utilities,is,36,29,48.3,1.32,2.63,-2.52,29,55.2,1.68,4.56,-2.26,6.9,0.37,1.93
SO,Utilities,oos,24,16,62.5,1.5,1.48,-2.4,15,80.0,5.79,4.39,-0.86,17.5,4.29,2.91
CF,Basic Materials,full,60,19,47.4,1.21,2.07,-7.39,18,50.0,1.4,2.8,-4.3,2.6,0.19,0.72
CF,Basic Materials,is,36,15,46.7,0.95,-0.36,-4.91,15,46.7,1.17,1.02,-3.95,0.0,0.21,1.38
CF,Basic Materials,oos,24,5,60.0,2.11,2.76,-2.48,4,75.0,3.45,2.1,-0.86,15.0,1.34,-0.66
ORLY,Consumer Cyclical,full,60,40,57.5,1.54,6.73,-5.37,34,70.6,2.82,12.58,-4.66,13.1,1.27,5.86
ORLY,Consumer Cyclical,is,36,24,66.7,2.03,6.69,-1.79,19,84.2,4.98,10.55,-1.35,17.5,2.96,3.87
ORLY,Consumer Cyclical,oos,24,16,43.8,1.01,0.04,-4.29,15,53.3,1.47,2.03,-3.58,9.6,0.47,1.99
WDAY,Technology,full,60,22,40.9,1.32,4.01,-5.19,18,55.6,2.52,10.16,-4.56,14.6,1.2,6.15
WDAY,Technology,is,36,12,41.7,1.83,4.29,-3.43,10,60.0,4.49,7.45,-1.17,18.3,2.66,3.16
WDAY,Technology,oos,24,11,36.4,0.92,-0.67,-5.19,9,44.4,1.47,2.32,-4.56,8.1,0.55,2.98
SNOW,Technology,full,60,19,63.2,1.9,8.33,-5.94,16,75.0,3.88,12.55,-2.29,11.8,1.98,4.22
SNOW,Technology,is,36,11,63.6,3.78,9.12,-1.62,9,77.8,6.23,10.41,-1.62,14.1,2.45,1.29
SNOW,Technology,oos,24,9,55.6,0.52,-4.8,-5.94,7,71.4,1.9,2.14,-2.29,15.9,1.38,6.94
FIS,Technology,full,60,26,50.0,1.22,2.7,-8.36,25,52.0,1.71,6.27,-7.12,2.0,0.49,3.57
FIS,Technology,is,36,17,64.7,2.92,9.12,-2.58,16,68.8,11.77,12.69,-0.7,4.0,8.85,3.57
FIS,Technology,oos,24,10,30.0,0.38,-4.71,-6.42,10,30.0,0.38,-4.71,-6.42,0.0,0.0,0.0
DOCU,Technology,full,60,27,44.4,0.78,-6.47,-13.79,24,58.3,1.54,9.27,-6.05,13.9,0.76,15.74
DOCU,Technology,is,36,19,47.4,1.18,2.9,-6.18,16,62.5,2.1,11.87,-5.08,15.1,0.92,8.96
DOCU,Technology,oos,24,9,44.4,0.38,-7.79,-9.67,9,55.6,0.84,-1.01,-6.05,11.1,0.46,6.78
COF,Financial Services,full,60,24,54.2,1.72,5.21,-4.43,23,65.2,2.92,8.43,-2.78,11.1,1.2,3.22
COF,Financial Services,is,36,19,52.6,1.95,4.74,-4.43,18,61.1,2.88,6.28,-2.78,8.5,0.93,1.54
COF,Financial Services,oos,24,6,50.0,0.93,-0.21,-2.27,5,80.0,3.04,2.16,-1.06,30.0,2.11,2.36
OKE,Energy,full,60,29,44.8,0.89,-1.55,-9.0,26,57.7,1.67,5.4,-3.52,12.9,0.79,6.94
OKE,Energy,is,36,18,55.6,1.14,1.14,-6.32,17,70.6,2.93,6.82,-1.26,15.0,1.79,5.68
OKE,Energy,oos,24,11,27.3,0.53,-2.68,-4.78,9,33.3,0.68,-1.42,-3.52,6.1,0.15,1.26
GE,Industrials,full,60,28,50.0,1.6,6.31,-3.86,25,60.0,2.55,10.95,-2.7,10.0,0.95,4.64
GE,Industrials,is,36,20,45.0,1.57,3.99,-3.86,17,52.9,2.74,7.6,-2.08,7.9,1.18,3.61
GE,Industrials,oos,24,8,62.5,1.67,2.33,-0.94,8,75.0,2.24,3.35,-0.94,12.5,0.57,1.03
DASH,Consumer Cyclical,full,60,16,50.0,1.05,0.45,-6.65,15,53.3,1.45,3.01,-4.38,3.3,0.41,2.56
DASH,Consumer Cyclical,is,36,14,50.0,1.29,2.11,-6.65,13,53.8,2.01,4.68,-4.38,3.8,0.71,2.56
DASH,Consumer Cyclical,oos,24,3,66.7,1.11,0.21,-1.99,3,66.7,1.11,0.21,-1.99,0.0,0.0,0.0
DDOG,Technology,full,60,18,61.1,1.52,6.44,-4.74,14,78.6,4.01,14.35,-2.93,17.5,2.5,7.92
DDOG,Technology,is,36,11,54.5,1.6,4.63,-4.34,7,71.4,3.99,8.77,-2.93,16.9,2.4,4.14
DDOG,Technology,oos,24,8,75.0,1.41,1.94,-4.74,8,87.5,4.12,5.72,-1.83,12.5,2.71,3.78
